pid,year,month,day,weight,quantity,value
P001,2017,1,10,64893,100,786047
P001,2017,1,20,24506,2357,282998
P001,2017,1,30,7930,247,596801
P001,2017,2,10,5107,2206,766565
P001,2017,2,20,54188,1662,1791564
P001,2017,2,30,25653,1385,704572
P001,2017,3,10,47321,11467,463180
P001,2017,3,20,14369,7854,130639
P001,2017,3,30,27339,4918,214979
P001,2017,4,10,34857,218,641880
P001,2017,4,20,8861,3779,175710
P001,2017,4,30,38567,9378,672898
P001,2017,5,10,28455,194,131443
P001,2017,5,20,13923,4154,408115
P001,2017,5,30,60959,3844,670607
P001,2017,6,10,25245,448,630580
P001,2017,6,20,16662,7077,968636
P001,2017,6,30,19800,1288,1282474
P001,2017,7,10,16822,297,912480
P001,2017,7,20,16679,252,1422354
P001,2017,7,30,71733,6278,864573
P001,2017,8,10,25049,1596,1895632
P001,2017,8,20,7039,8298,1966486
P001,2017,8,30,55481,6732,1368592
P001,2017,9,10,5007,3215,1287606
P001,2017,9,20,13527,5351,645410
P001,2017,9,30,110895,4904,1858441
P001,2017,10,10,7563,4711,1084080
P001,2017,10,20,35938,3316,1535675
P001,2017,10,30,23021,5318,934928
P001,2017,11,10,58257,3442,780699
P001,2017,11,20,19464,3404,1906836
P001,2017,11,30,16987,6565,281547
P001,2017,12,10,13701,3304,423543
P001,2017,12,20,14522,9542,1109087
P001,2017,12,30,15177,2535,636246
P001,2018,1,10,58640,521,1808413
P001,2018,1,20,39711,9003,2083470
P001,2018,1,30,31665,4801,693854
P001,2018,2,10,99345,15548,4890250
P001,2018,2,20,17622,3598,1822786
P001,2018,2,30,2594,1335,327939
P001,2018,3,10,5717,9704,200510
P001,2018,3,20,74711,621,1500292
P001,2018,3,30,42704,12990,1165626
P001,2018,4,10,64250,10841,1053671
P001,2018,4,20,21159,2195,1015679
P001,2018,4,30,19709,4832,604239
P001,2018,5,10,21393,1372,1213830
P001,2018,5,20,39379,9884,600933
P001,2018,5,30,38854,2599,1391031
P001,2018,6,10,33421,2048,365060
P001,2018,6,20,56967,1596,436987
P001,2018,6,30,11475,750,1353625
P001,2018,7,10,33061,1556,1429253
P001,2018,7,20,38947,2053,1141428
P001,2018,7,30,19930,3601,1006445
P001,2018,8,10,52619,9102,306512
P001,2018,8,20,7290,3460,598132
P001,2018,8,30,66360,3329,814128
P001,2018,9,10,29074,1920,838726
P001,2018,9,20,35399,4495,803678
P001,2018,9,30,9125,2618,1187095
P001,2018,10,10,47516,411,872285
P001,2018,10,20,19472,1664,843106
P001,2018,10,30,31687,782,1355938
P001,2018,11,10,27318,389,754348
P001,2018,11,20,15624,266,579813
P001,2018,11,30,25196,1874,2092980
P001,2018,12,10,19587,571,520578
P001,2018,12,20,21099,1849,1521282
P001,2018,12,30,8703,165,598837
P001,2019,1,10,32922,2622,322277
P001,2019,1,20,2629,554,431251
P001,2019,1,30,29460,5503,1360003
P001,2019,2,10,10348,1699,1237255
P001,2019,2,20,5860,235,1035694
P001,2019,2,30,17657,102,266199
P001,2019,3,10,5279,1069,410555
P001,2019,3,20,39093,841,917192
P001,2019,3,30,9137,560,282007
P001,2019,4,10,16571,1840,1926682
P001,2019,4,20,23798,2036,427138
P001,2019,4,30,41530,457,1096698
P001,2019,5,10,16263,650,384494
P001,2019,5,20,39569,1602,1483350
P001,2019,5,30,43845,1035,305915
P001,2019,6,10,23337,975,320242
P001,2019,6,20,6710,1322,733867
P001,2019,6,30,43920,387,713067
P001,2019,7,10,21865,399,1168342
P001,2019,7,20,22529,1014,204410
P001,2019,7,30,18817,2442,792935
P001,2019,8,10,14967,1364,229186
P001,2019,8,20,73503,467,436802
P001,2019,8,30,43356,3415,693827
P001,2019,9,10,28110,2071,239032
P001,2019,9,20,26218,459,210195
P001,2019,9,30,21889,6396,1786666
P001,2019,10,10,9967,2147,993184
P001,2019,10,20,19028,1373,342556
P001,2019,10,30,31246,6669,1149610
P001,2019,11,10,26260,2093,475784
P001,2019,11,20,19437,369,545914
P001,2019,11,30,14294,3465,1801300
P001,2019,12,10,41533,18971,4795617
P001,2019,12,20,18263,3252,1389072
P001,2019,12,30,25498,2739,386887
P001,2020,1,10,11914,862,810761
P001,2020,1,20,7413,116,443709
P001,2020,1,30,9506,1127,315047
P001,2020,2,10,5760,583,576457
P001,2020,2,20,21691,198,447572
P001,2020,2,30,16137,835,90121
P001,2020,3,10,23910,639,603230
P001,2020,3,20,14059,1696,201989
P001,2020,3,30,19097,1797,257232
P001,2020,4,10,22046,940,321528
P001,2020,4,20,24352,503,141295
P001,2020,4,30,7846,412,178371
P001,2020,5,10,9572,5646,3250707
P001,2020,5,20,24560,10860,270617
P001,2020,5,30,31751,3994,450559
P001,2020,6,10,38846,2179,449953
P001,2020,6,20,12038,2498,388489
P001,2020,6,30,41542,1447,235607
P001,2020,7,10,18173,2437,174604
P001,2020,7,20,11433,1247,170677
P001,2020,7,30,25242,3099,981178
P001,2020,8,10,6029,350,192887
P001,2020,8,20,52225,2657,212029
P001,2020,8,30,3171,508,225446
P001,2020,9,10,3322,347,1106987
P001,2020,9,20,14243,2271,1179724
P001,2020,9,30,20410,3991,729675
P001,2020,10,10,14046,167,189050
P001,2020,10,20,15987,225,2276819
P001,2020,10,30,25976,791,1394338
P001,2020,11,10,8244,2533,334655
P001,2020,11,20,12219,518,624859
P001,2020,11,30,25678,8127,261581
P001,2020,12,10,11839,1112,346488
P001,2020,12,20,16716,2338,271487
P001,2020,12,30,25805,8368,1027379
P001,2021,1,10,13453,840,237577
P001,2021,1,20,6962,800,558318
P001,2021,1,30,25031,908,471337
P001,2021,2,10,19676,2856,267841
P001,2021,2,20,15828,1002,665008
P001,2021,2,30,1953,180,95982
P001,2021,3,10,9583,664,505627
P001,2021,3,20,5682,849,324937
P001,2021,3,30,37641,778,474389
P001,2021,4,10,21965,1610,311471
P001,2021,4,20,14574,215,156462
P001,2021,4,30,35679,5748,619808
P001,2021,5,10,34532,1052,327122
P001,2021,5,20,33429,4075,1147375
P001,2021,5,30,21625,1647,479879
P001,2021,6,10,6549,537,884565
P001,2021,6,20,8173,1294,189057
P001,2021,6,30,13564,257,1006984
P001,2021,7,10,37415,1319,349913
P001,2021,7,20,10585,1145,712823
P001,2021,7,30,20496,2116,425447
P001,2021,8,10,28155,4979,677137
P001,2021,8,20,23784,392,296736
P001,2021,8,30,53554,6446,588546
P001,2021,9,10,33825,316,1130353
P001,2021,9,20,13125,2854,739929
P001,2021,9,30,25533,1278,480062
P001,2021,10,10,39150,3162,613927
P001,2021,10,20,44536,1746,476417
P001,2021,10,30,16181,2878,585531
P001,2021,11,10,25462,2831,1460351
P001,2021,11,20,20576,2213,1134496
P001,2021,11,30,27602,3912,458439
P001,2021,12,10,79114,2097,424896
P001,2021,12,20,5871,949,3521104
P001,2021,12,30,56749,1438,1694039
P001,2022,1,10,23042,1384,1392978
P001,2022,1,20,44783,823,959963
P001,2022,1,30,7845,2368,202276
P001,2022,2,10,35364,4052,2056682
P001,2022,2,20,22667,2101,2343061
P001,2022,2,30,24769,1498,674901
P001,2022,3,10,34036,2663,2841734
P001,2022,3,20,17230,2836,961209
P001,2022,3,30,24914,926,815452
P001,2022,4,10,17886,7139,743029
P001,2022,4,20,27050,1594,786378
P001,2022,4,30,6379,1587,114977
P001,2022,5,10,16049,3190,920508
P001,2022,5,20,29764,311,1366059
P001,2022,5,30,55861,3758,662859
P001,2022,6,10,70175,456,5849780
P001,2022,6,20,10013,4539,263391
P001,2022,6,30,20242,547,268698
P001,2022,7,10,40357,1713,1967820
P001,2022,7,20,13264,6558,582221
P001,2022,7,30,7063,1026,436545
P001,2022,8,10,22723,3173,1784428
P001,2022,8,20,52367,229,3679659
P001,2022,8,30,27512,6043,666623
P001,2022,9,10,26687,1079,241139
P001,2022,9,20,29481,720,2322825
P001,2022,9,30,47949,4583,335117
P001,2022,10,10,10944,1571,505532
P001,2022,10,20,31339,1485,474824
P001,2022,10,30,28291,1282,382086
P001,2022,11,10,47392,568,1004846
P001,2022,11,20,26303,3249,1289189
P001,2022,11,30,33996,1680,2094839
P001,2022,12,10,101561,5146,8149833
P001,2022,12,20,29479,3860,638657
P001,2022,12,30,25135,3010,871945
P002,2017,1,10,106863,0,4424046
P002,2017,1,20,179992,0,5902138
P002,2017,1,30,65215,0,3188676
P002,2017,2,10,107554,0,5809299
P002,2017,2,20,70965,0,3888992
P002,2017,2,30,53123,0,4246711
P002,2017,3,10,176064,0,6971097
P002,2017,3,20,125713,0,4717472
P002,2017,3,30,125721,0,7951411
P002,2017,4,10,84367,0,4329556
P002,2017,4,20,184873,0,6709115
P002,2017,4,30,111486,0,4401961
P002,2017,5,10,131123,0,4707602
P002,2017,5,20,89626,0,5461173
P002,2017,5,30,103758,0,4769330
P002,2017,6,10,144014,0,5218567
P002,2017,6,20,137713,0,4750201
P002,2017,6,30,166586,0,6184368
P002,2017,7,10,147903,0,6270198
P002,2017,7,20,133175,0,7251943
P002,2017,7,30,93283,0,4314729
P002,2017,8,10,167155,0,6257962
P002,2017,8,20,79881,0,4030175
P002,2017,8,30,131126,0,5920142
P002,2017,9,10,108230,0,4003539
P002,2017,9,20,158139,0,5806781
P002,2017,9,30,94146,0,4994064
P002,2017,10,10,37126,0,2399864
P002,2017,10,20,122466,0,6921739
P002,2017,10,30,92788,0,5078280
P002,2017,11,10,72912,0,5246091
P002,2017,11,20,57356,0,4240339
P002,2017,11,30,115531,0,5797331
P002,2017,12,10,113928,0,3914276
P002,2017,12,20,157160,0,6142676
P002,2017,12,30,100173,0,4222659
P002,2018,1,10,76805,0,4657992
P002,2018,1,20,117996,0,5092114
P002,2018,1,30,108228,0,4914754
P002,2018,2,10,109225,0,6453385
P002,2018,2,20,73970,0,4965334
P002,2018,2,30,85453,0,4988815
P002,2018,3,10,89587,0,5158323
P002,2018,3,20,81099,0,5530865
P002,2018,3,30,72669,0,4345935
P002,2018,4,10,64543,0,4854631
P002,2018,4,20,118008,0,5858888
P002,2018,4,30,66311,0,4324828
P002,2018,5,10,87851,0,5323035
P002,2018,5,20,71476,0,4217875
P002,2018,5,30,180999,0,8684051
P002,2018,6,10,110782,0,4827116
P002,2018,6,20,130532,0,6066793
P002,2018,6,30,188323,0,7307536
P002,2018,7,10,73617,0,5431161
P002,2018,7,20,178679,0,6817756
P002,2018,7,30,108622,0,4849319
P002,2018,8,10,133964,0,5517170
P002,2018,8,20,97194,0,4829981
P002,2018,8,30,85889,0,5258293
P002,2018,9,10,91128,0,4099009
P002,2018,9,20,123885,0,6306211
P002,2018,9,30,62970,0,3150027
P002,2018,10,10,118462,0,7753725
P002,2018,10,20,118643,0,5011744
P002,2018,10,30,82554,0,5393212
P002,2018,11,10,130063,0,6205010
P002,2018,11,20,152976,0,5710548
P002,2018,11,30,84178,0,5349361
P002,2018,12,10,190710,0,7422469
P002,2018,12,20,91571,0,4918489
P002,2018,12,30,66824,0,4759084
P002,2019,1,10,144496,0,6132474
P002,2019,1,20,136241,0,5497012
P002,2019,1,30,200884,0,7632220
P002,2019,2,10,156647,0,4967438
P002,2019,2,20,154316,0,7611094
P002,2019,2,30,73473,0,5036116
P002,2019,3,10,112683,0,5823169
P002,2019,3,20,253486,0,10013120
P002,2019,3,30,116307,0,6329161
P002,2019,4,10,260059,0,9443077
P002,2019,4,20,106764,0,7331955
P002,2019,4,30,125576,0,6122078
P002,2019,5,10,194311,0,8520769
P002,2019,5,20,117297,0,4767393
P002,2019,5,30,152722,0,7980793
P002,2019,6,10,110538,0,5148007
P002,2019,6,20,203384,0,7822033
P002,2019,6,30,81518,0,4754967
P002,2019,7,10,106317,0,9438621
P002,2019,7,20,83638,0,6623917
P002,2019,7,30,195634,0,7482162
P002,2019,8,10,199089,0,7898118
P002,2019,8,20,82611,0,5529843
P002,2019,8,30,118750,0,6880929
P002,2019,9,10,101107,0,6712311
P002,2019,9,20,89602,0,6232376
P002,2019,9,30,78906,0,5881853
P002,2019,10,10,150260,0,5526060
P002,2019,10,20,86534,0,4456132
P002,2019,10,30,131326,0,7155728
P002,2019,11,10,122404,0,7200503
P002,2019,11,20,88614,0,6401312
P002,2019,11,30,126135,0,6706439
P002,2019,12,10,120046,0,6925747
P002,2019,12,20,96185,0,5773212
P002,2019,12,30,181057,0,6384665
P002,2020,1,10,117914,0,5447341
P002,2020,1,20,118186,0,5993721
P002,2020,1,30,65521,0,4329166
P002,2020,2,10,139501,0,8382281
P002,2020,2,20,144549,0,5817256
P002,2020,2,30,50193,0,4172644
P002,2020,3,10,201981,0,9378295
P002,2020,3,20,89676,0,5660751
P002,2020,3,30,89696,0,5757381
P002,2020,4,10,120769,0,6309390
P002,2020,4,20,108685,0,5553005
P002,2020,4,30,80564,0,7427961
P002,2020,5,10,86728,0,4726741
P002,2020,5,20,120008,0,6043181
P002,2020,5,30,68303,0,3958618
P002,2020,6,10,176094,0,8500647
P002,2020,6,20,134634,0,7106434
P002,2020,6,30,81447,0,6459421
P002,2020,7,10,101721,0,6657551
P002,2020,7,20,66390,0,3220205
P002,2020,7,30,70955,0,5218131
P002,2020,8,10,105855,0,5724822
P002,2020,8,20,87596,0,4810304
P002,2020,8,30,67102,0,4182732
P002,2020,9,10,94692,0,5537165
P002,2020,9,20,77171,0,3757596
P002,2020,9,30,76110,0,5009543
P002,2020,10,10,56227,0,2937716
P002,2020,10,20,125124,0,6827014
P002,2020,10,30,33753,0,4330689
P002,2020,11,10,73687,0,4851551
P002,2020,11,20,63621,0,3729718
P002,2020,11,30,75103,0,4215820
P002,2020,12,10,79509,0,5386452
P002,2020,12,20,34778,0,3257056
P002,2020,12,30,76616,0,4138134
P002,2021,1,10,31753,0,2517462
P002,2021,1,20,62357,0,6030905
P002,2021,1,30,49341,0,2873322
P002,2021,2,10,56075,0,4593767
P002,2021,2,20,62393,0,3180793
P002,2021,2,30,24295,0,2802406
P002,2021,3,10,120451,0,6189021
P002,2021,3,20,85336,0,3632991
P002,2021,3,30,85758,0,4329628
P002,2021,4,10,130155,0,4774117
P002,2021,4,20,37066,0,2868994
P002,2021,4,30,62907,0,3767081
P002,2021,5,10,64224,0,3528277
P002,2021,5,20,58425,0,3389111
P002,2021,5,30,96983,0,4908940
P002,2021,6,10,73446,0,4059818
P002,2021,6,20,70727,0,2804001
P002,2021,6,30,87805,0,5314379
P002,2021,7,10,128470,0,4130027
P002,2021,7,20,73830,0,4600269
P002,2021,7,30,96975,0,5562213
P002,2021,8,10,59089,0,4076733
P002,2021,8,20,76580,0,4173963
P002,2021,8,30,155074,0,4990383
P002,2021,9,10,111875,0,5060026
P002,2021,9,20,48504,0,2563089
P002,2021,9,30,67285,0,2877782
P002,2021,10,10,105460,0,5337212
P002,2021,10,20,143181,0,6324293
P002,2021,10,30,81795,0,3721304
P002,2021,11,10,89315,0,4006542
P002,2021,11,20,188932,0,8153702
P002,2021,11,30,69126,0,3970402
P002,2021,12,10,82205,0,5454208
P002,2021,12,20,173071,0,6194766
P002,2021,12,30,49187,0,4155202
P002,2022,1,10,43091,0,3098482
P002,2022,1,20,99050,0,5006515
P002,2022,1,30,124854,0,5212025
P002,2022,2,10,193359,0,6614301
P002,2022,2,20,74491,0,3694649
P002,2022,2,30,82568,0,4228153
P002,2022,3,10,202102,0,6637144
P002,2022,3,20,180462,0,5967819
P002,2022,3,30,116521,0,5370610
P002,2022,4,10,97942,0,5611404
P002,2022,4,20,235877,0,8121581
P002,2022,4,30,76598,0,5100561
P002,2022,5,10,185418,0,7141910
P002,2022,5,20,97589,0,5642128
P002,2022,5,30,120193,0,5968087
P002,2022,6,10,205242,0,8055574
P002,2022,6,20,142692,0,6413117
P002,2022,6,30,77764,0,4785557
P002,2022,7,10,107391,0,6518721
P002,2022,7,20,133787,0,6971045
P002,2022,7,30,86681,0,4765736
P002,2022,8,10,96407,0,5730291
P002,2022,8,20,102589,0,5576032
P002,2022,8,30,56154,0,4070333
P002,2022,9,10,55955,0,2387330
P002,2022,9,20,93781,0,5650522
P002,2022,9,30,67695,0,5530756
P002,2022,10,10,48399,0,3919849
P002,2022,10,20,128706,0,5348813
P002,2022,10,30,85352,0,4804378
P002,2022,11,10,93111,0,4881777
P002,2022,11,20,63455,0,4940351
P002,2022,11,30,123624,0,5727906
P002,2022,12,10,132950,0,7731113
P002,2022,12,20,181617,0,6147527
P002,2022,12,30,129550,0,6722177
P003,2017,1,10,157280352,0,15426019
P003,2017,1,20,33536154,0,3467812
P003,2017,1,30,72429264,0,5835732
P003,2017,2,10,3481903,0,519952
P003,2017,2,20,77780864,0,7159584
P003,2017,2,30,96374784,0,9395129
P003,2017,3,10,49423784,0,4597339
P003,2017,3,20,176547,0,184364
P003,2017,3,30,50742276,0,4841460
P003,2017,4,10,351940,0,283333
P003,2017,4,20,9416919,0,997429
P003,2017,4,30,40184296,0,3462473
P003,2017,5,10,6166467,0,740401
P003,2017,5,20,111646640,0,9851451
P003,2017,5,30,264838,0,285758
P003,2017,6,10,49734740,0,5045953
P003,2017,6,20,43150568,0,4127639
P003,2017,6,30,241809,0,203158
P003,2017,7,10,102896016,0,9723184
P003,2017,7,20,98081584,0,10216606
P003,2017,7,30,55807512,0,5315816
P003,2017,8,10,145472496,0,14862317
P003,2017,8,20,160139248,0,14716883
P003,2017,8,30,423830,0,387358
P003,2017,9,10,100752008,0,9831045
P003,2017,9,20,169009280,0,15741026
P003,2017,9,30,74007,0,65119
P003,2017,10,10,42782016,0,3790390
P003,2017,10,20,124524,0,104356
P003,2017,10,30,51733052,0,4982065
P003,2017,11,10,18149150,0,1690253
P003,2017,11,20,130025,0,91547
P003,2017,11,30,371222,0,273660
P003,2017,12,10,48385000,0,5099430
P003,2017,12,20,86402,0,71554
P003,2017,12,30,44251764,0,4996572
P003,2018,1,10,68683992,0,6100068
P003,2018,1,20,49952648,0,5755343
P003,2018,1,30,293266,0,240988
P003,2018,2,10,394567,0,268454
P003,2018,2,20,181134,0,174332
P003,2018,2,30,40127656,0,3723744
P003,2018,3,10,52285928,0,5571284
P003,2018,3,20,142762,0,123287
P003,2018,3,30,104000,0,94830
P003,2018,4,10,115750,0,120279
P003,2018,4,20,18047144,0,1767741
P003,2018,4,30,81010,0,89744
P003,2018,5,10,149011776,0,17462000
P003,2018,5,20,65807996,0,8249644
P003,2018,5,30,52944744,0,6112538
P003,2018,6,10,49733008,0,6034862
P003,2018,6,20,82890912,0,10191360
P003,2018,6,30,15590558,0,1872228
P003,2018,7,10,100219288,0,11775961
P003,2018,7,20,190217,0,156220
P003,2018,7,30,14405534,0,2176244
P003,2018,8,10,46954540,0,5634865
P003,2018,8,20,20794404,0,2699693
P003,2018,8,30,75952144,0,11308886
P003,2018,9,10,47727624,0,6093504
P003,2018,9,20,108268480,0,12922146
P003,2018,9,30,32038016,0,5350822
P003,2018,10,10,71080952,0,8881148
P003,2018,10,20,55093,0,55927
P003,2018,10,30,72666008,0,9410996
P003,2018,11,10,42490336,0,5036049
P003,2018,11,20,81402,0,71645
P003,2018,11,30,31421008,0,3811895
P003,2018,12,10,599863,0,367914
P003,2018,12,20,338012,0,211098
P003,2018,12,30,51648996,0,5597086
P003,2019,1,10,43064420,0,4420670
P003,2019,1,20,106789944,0,10793752
P003,2019,1,30,19765746,0,2144551
P003,2019,2,10,86289136,0,8574050
P003,2019,2,20,157894240,0,15498669
P003,2019,2,30,211000,0,139038
P003,2019,3,10,41153,0,46169
P003,2019,3,20,18355012,0,1980130
P003,2019,3,30,46432104,0,4524670
P003,2019,4,10,21114600,0,2077960
P003,2019,4,20,345011,0,188761
P003,2019,4,30,44057068,0,4246270
P003,2019,5,10,79581,0,57700
P003,2019,5,20,73420,0,48982
P003,2019,5,30,20781112,0,2042000
P003,2019,6,10,383655,0,234585
P003,2019,6,20,60224944,0,5710393
P003,2019,6,30,180375,0,99595
P003,2019,7,10,21931988,0,2292135
P003,2019,7,20,344000,0,152082
P003,2019,7,30,103471720,0,9671929
P003,2019,8,10,76585608,0,6752867
P003,2019,8,20,60048100,0,3999994
P003,2019,8,30,21883804,0,1952810
P003,2019,9,10,391500,0,246621
P003,2019,9,20,54494480,0,4636128
P003,2019,9,30,83467,0,53809
P003,2019,10,10,74187920,0,6287334
P003,2019,10,20,118775056,0,9883444
P003,2019,10,30,378516,0,142671
P003,2019,11,10,57802,0,47650
P003,2019,11,20,330788,0,174966
P003,2019,11,30,75244800,0,5681464
P003,2019,12,10,503275,0,174386
P003,2019,12,20,56371256,0,5062004
P003,2019,12,30,4612140,0,405901
P003,2020,1,10,4845041,0,896648
P003,2020,1,20,242000,0,122450
P003,2020,1,30,16736130,0,1493962
P003,2020,2,10,71802,0,113324
P003,2020,2,20,66318688,0,4771477
P003,2020,2,30,4825767,0,1151244
P003,2020,3,10,99335792,0,7395253
P003,2020,3,20,80155,0,67980
P003,2020,3,30,152814,0,72727
P003,2020,4,10,5382004,0,493316
P003,2020,4,20,3184400,0,269726
P003,2020,4,30,54998984,0,3836137
P003,2020,5,10,24000,0,32275
P003,2020,5,20,65000,0,52800
P003,2020,5,30,42350740,0,3258258
P003,2020,6,10,31176150,0,2219014
P003,2020,6,20,94003,0,76370
P003,2020,6,30,86227,0,37641
P003,2020,7,10,107133736,0,6681917
P003,2020,7,20,22085604,0,1588699
P003,2020,7,30,35955,0,8463
P003,2020,8,10,55479276,0,3325228
P003,2020,8,20,221425,0,84845
P003,2020,8,30,158007,0,51152
P003,2020,9,10,16000,0,3728
P003,2020,9,20,1000,0,3543
P003,2020,9,30,179445,0,126116
P003,2020,10,10,154965,0,62857
P003,2020,10,20,314000,0,112441
P003,2020,10,30,57283872,0,4381494
P003,2020,11,10,111483,0,38334
P003,2020,11,20,86983,0,95198
P003,2020,11,30,42824,0,12464
P003,2020,12,10,296860,0,109504
P003,2020,12,20,187220,0,162041
P003,2020,12,30,358790,0,167587
P003,2021,1,10,222028,0,113433
P003,2021,1,20,168749,0,108723
P003,2021,1,30,52913044,0,5721561
P003,2021,2,10,371307,0,171463
P003,2021,2,20,143891,0,132575
P003,2021,2,30,120035,0,115381
P003,2021,3,10,41500,0,54320
P003,2021,3,20,299189,0,142770
P003,2021,3,30,72036,0,75578
P003,2021,4,10,386875,0,148499
P003,2021,4,20,168489,0,94688
P003,2021,4,30,17946054,0,2035422
P003,2021,5,10,349655,0,148997
P003,2021,5,20,389296,0,220297
P003,2021,5,30,210402,0,129165
P003,2021,6,10,21081,0,21081
P003,2021,6,20,33079544,0,4823476
P003,2021,6,30,234984,0,172180
P003,2021,7,10,270255,0,186341
P003,2021,7,20,254576,0,617014
P003,2021,7,30,22268828,0,3391899
P003,2021,8,10,102041,0,118213
P003,2021,8,20,347629,0,242071
P003,2021,8,30,40036000,0,6124850
P003,2021,9,10,136750,0,38058
P003,2021,9,20,491068,0,260578
P003,2021,9,30,219616,0,157215
P003,2021,10,10,235930,0,135417
P003,2021,10,20,226830,0,117422
P003,2021,10,30,96996024,0,16976220
P003,2021,11,10,220986,0,126744
P003,2021,11,20,101094,0,23576
P003,2021,11,30,44054276,0,8966006
P003,2021,12,10,81550,0,119021
P003,2021,12,20,302784,0,213456
P003,2021,12,30,265085,0,222371
P003,2022,1,10,293814,0,382777
P003,2022,1,20,3721575,0,1092179
P003,2022,1,30,52093944,0,11733407
P003,2022,2,10,695216,0,697671
P003,2022,2,20,36000,0,39297
P003,2022,2,30,11071740,0,1926376
P003,2022,3,10,43384976,0,7391735
P003,2022,3,20,5223131,0,1517137
P003,2022,3,30,5024710,0,1119445
P003,2022,4,10,11010008,0,2520400
P003,2022,4,20,95373472,0,17143392
P003,2022,4,30,45262284,0,12452694
P003,2022,5,10,113241,0,119638
P003,2022,5,20,22172612,0,6371912
P003,2022,5,30,69402,0,86415
P003,2022,6,10,54427636,0,15501687
P003,2022,6,20,10784880,0,3247305
P003,2022,6,30,1741465,0,1141686
P003,2022,7,10,43017464,0,12083143
P003,2022,7,20,53173724,0,14437376
P003,2022,7,30,278906,0,341159
P003,2022,8,10,181720,0,190162
P003,2022,8,20,73150,0,47099
P003,2022,8,30,202964,0,203584
P003,2022,9,10,44285780,0,9388498
P003,2022,9,20,38144,0,52081
P003,2022,9,30,33199996,0,8527253
P003,2022,10,10,125420752,0,27377846
P003,2022,10,20,311762,0,211066
P003,2022,10,30,278444,0,288603
P003,2022,11,10,54488968,0,8903036
P003,2022,11,20,45045792,0,8957695
P003,2022,11,30,93817,0,71560
P003,2022,12,10,270044,0,245835
P003,2022,12,20,51816520,0,11339559
P003,2022,12,30,56907,0,90456
P004,2017,1,10,681547200,0,136137952
P004,2017,1,20,737211200,0,126166104
P004,2017,1,30,713061056,0,159341440
P004,2017,2,10,535465312,0,104417768
P004,2017,2,20,591938368,0,126039368
P004,2017,2,30,708548480,0,123516592
P004,2017,3,10,647762240,0,142804320
P004,2017,3,20,525298752,0,101371856
P004,2017,3,30,709029440,0,157897168
P004,2017,4,10,506235008,0,90399552
P004,2017,4,20,688162816,0,117321592
P004,2017,4,30,713505152,0,137923536
P004,2017,5,10,350158880,0,70768456
P004,2017,5,20,954060224,0,173502736
P004,2017,5,30,848509632,0,135878944
P004,2017,6,10,547756672,0,101126800
P004,2017,6,20,993130432,0,179593616
P004,2017,6,30,933186176,0,161685824
P004,2017,7,10,683845888,0,118926144
P004,2017,7,20,868788352,0,137168976
P004,2017,7,30,492961536,0,72482768
P004,2017,8,10,663365120,0,111329208
P004,2017,8,20,558826752,0,85906056
P004,2017,8,30,515084192,0,79099848
P004,2017,9,10,745906048,0,128286784
P004,2017,9,20,599184896,0,93919240
P004,2017,9,30,1066330368,0,167976480
P004,2017,10,10,527475680,0,88468784
P004,2017,10,20,950674432,0,163007568
P004,2017,10,30,577105984,0,94340520
P004,2017,11,10,424155072,0,79353320
P004,2017,11,20,938565376,0,168334816
P004,2017,11,30,959754560,0,165608832
P004,2017,12,10,424246848,0,71513592
P004,2017,12,20,841710080,0,141879664
P004,2017,12,30,496876704,0,84220864
P004,2018,1,10,668346752,0,122168944
P004,2018,1,20,789625344,0,148384640
P004,2018,1,30,718891200,0,133036744
P004,2018,2,10,385412992,0,70337088
P004,2018,2,20,701930496,0,132768960
P004,2018,2,30,589072128,0,118240872
P004,2018,3,10,1179834368,0,228532544
P004,2018,3,20,817740032,0,165308144
P004,2018,3,30,633628864,0,120813936
P004,2018,4,10,842079296,0,162510208
P004,2018,4,20,942369664,0,190564064
P004,2018,4,30,635495616,0,125942416
P004,2018,5,10,525969696,0,97248336
P004,2018,5,20,829904640,0,146202944
P004,2018,5,30,451310656,0,84661096
P004,2018,6,10,473583744,0,80131904
P004,2018,6,20,708434752,0,120287576
P004,2018,6,30,616377280,0,108445592
P004,2018,7,10,680561984,0,122488552
P004,2018,7,20,571292096,0,100673064
P004,2018,7,30,846345472,0,148223312
P004,2018,8,10,616791488,0,99789376
P004,2018,8,20,461719808,0,82574296
P004,2018,8,30,771245120,0,137967744
P004,2018,9,10,572539200,0,98437776
P004,2018,9,20,1055701632,0,185368512
P004,2018,9,30,538594816,0,95527040
P004,2018,10,10,705552320,0,121556208
P004,2018,10,20,479511392,0,83331400
P004,2018,10,30,738883136,0,132543736
P004,2018,11,10,863838976,0,157764800
P004,2018,11,20,435740128,0,80488336
P004,2018,11,30,617556864,0,113287536
P004,2018,12,10,781193728,0,145720112
P004,2018,12,20,586508096,0,108763048
P004,2018,12,30,801833408,0,147994464
P004,2019,1,10,680697728,0,135210224
P004,2019,1,20,463800448,0,87004544
P004,2019,1,30,593128384,0,114404320
P004,2019,2,10,355015008,0,63238996
P004,2019,2,20,784768192,0,139491408
P004,2019,2,30,928586816,0,170627040
P004,2019,3,10,448030016,0,75928064
P004,2019,3,20,656166784,0,129071728
P004,2019,3,30,469941568,0,83442032
P004,2019,4,10,679521280,0,120794928
P004,2019,4,20,856552128,0,157280928
P004,2019,4,30,217019616,0,35285792
P004,2019,5,10,854138496,0,162211408
P004,2019,5,20,540450112,0,92358248
P004,2019,5,30,757600512,0,133214192
P004,2019,6,10,741014016,0,127259216
P004,2019,6,20,650295104,0,125368792
P004,2019,6,30,612849984,0,105516584
P004,2019,7,10,767585088,0,140845392
P004,2019,7,20,408224448,0,64572648
P004,2019,7,30,283849984,0,41074048
P004,2019,8,10,1138977280,0,207378896
P004,2019,8,20,825739520,0,131567672
P004,2019,8,30,808797824,0,133505088
P004,2019,9,10,357879008,0,53979820
P004,2019,9,20,523751584,0,76548080
P004,2019,9,30,353164992,0,51080192
P004,2019,10,10,600179712,0,98539616
P004,2019,10,20,851488832,0,129713160
P004,2019,10,30,800855872,0,115603568
P004,2019,11,10,302611008,0,34885572
P004,2019,11,20,1150499584,0,176189392
P004,2019,11,30,339215392,0,49315968
P004,2019,12,10,721636160,0,97028896
P004,2019,12,20,491318272,0,61640536
P004,2019,12,30,516262048,0,70330544
P004,2020,1,10,675012480,0,87025336
P004,2020,1,20,602765632,0,81683000
P004,2020,1,30,696383488,0,83417664
P004,2020,2,10,690372544,0,97016144
P004,2020,2,20,629283968,0,86670176
P004,2020,2,30,270479968,0,36648116
P004,2020,3,10,795444992,0,104266752
P004,2020,3,20,471821504,0,60935156
P004,2020,3,30,635790912,0,85267616
P004,2020,4,10,497755008,0,73191336
P004,2020,4,20,704031104,0,91450096
P004,2020,4,30,929723328,0,128423680
P004,2020,5,10,378019136,0,47714892
P004,2020,5,20,326183296,0,38643040
P004,2020,5,30,751545984,0,92579104
P004,2020,6,10,682827904,0,81608544
P004,2020,6,20,523723680,0,59565856
P004,2020,6,30,335064320,0,41111412
P004,2020,7,10,665063616,0,69815040
P004,2020,7,20,326166016,0,31466040
P004,2020,7,30,571088384,0,60941012
P004,2020,8,10,431426016,0,52095540
P004,2020,8,20,514764288,0,56377792
P004,2020,8,30,284363456,0,30489420
P004,2020,9,10,760602624,0,76850096
P004,2020,9,20,634331200,0,67177848
P004,2020,9,30,444326016,0,50171040
P004,2020,10,10,300307392,0,26278784
P004,2020,10,20,617682944,0,70466056
P004,2020,10,30,1557430656,0,159999632
P004,2020,11,10,731148992,0,80162736
P004,2020,11,20,528408000,0,54831956
P004,2020,11,30,432922752,0,44718352
P004,2020,12,10,748908160,0,79632640
P004,2020,12,20,157300000,0,14127162
P004,2020,12,30,950452800,0,105345768
P004,2021,1,10,355444640,0,33712936
P004,2021,1,20,692452160,0,67901608
P004,2021,1,30,585753216,0,66902204
P004,2021,2,10,589020160,0,67848536
P004,2021,2,20,278118176,0,30802278
P004,2021,2,30,376539840,0,43855556
P004,2021,3,10,1076256000,0,133318976
P004,2021,3,20,515848160,0,68031632
P004,2021,3,30,379916992,0,47576504
P004,2021,4,10,611982976,0,70138544
P004,2021,4,20,929907968,0,113508328
P004,2021,4,30,418134016,0,50875736
P004,2021,5,10,276630176,0,33750904
P004,2021,5,20,411390752,0,50470096
P004,2021,5,30,664571008,0,84035728
P004,2021,6,10,716611968,0,95602576
P004,2021,6,20,417638944,0,62038168
P004,2021,6,30,473611072,0,72055472
P004,2021,7,10,556107776,0,86847720
P004,2021,7,20,497260992,0,70102880
P004,2021,7,30,425126048,0,64161952
P004,2021,8,10,303107104,0,55751288
P004,2021,8,20,820881344,0,133558880
P004,2021,8,30,590662400,0,134442320
P004,2021,9,10,1232450560,0,269284704
P004,2021,9,20,405164800,0,103003600
P004,2021,9,30,506592000,0,111807632
P004,2021,10,10,624746432,0,164183712
P004,2021,10,20,595809600,0,143470640
P004,2021,10,30,464796160,0,122118712
P004,2021,11,10,1120938368,0,288039328
P004,2021,11,20,838919744,0,273860384
P004,2021,11,30,753072000,0,241410704
P004,2021,12,10,801758784,0,278491104
P004,2021,12,20,350586304,0,119319720
P004,2021,12,30,853261440,0,277824384
P004,2022,1,10,451735008,0,137989376
P004,2022,1,20,492343680,0,161334336
P004,2022,1,30,827531520,0,282762080
P004,2022,2,10,232898000,0,75373928
P004,2022,2,20,537769472,0,194947216
P004,2022,2,30,493180640,0,203762528
P004,2022,3,10,705724800,0,262966144
P004,2022,3,20,736880320,0,253753536
P004,2022,3,30,805265472,0,346325280
P004,2022,4,10,331050144,0,150020432
P004,2022,4,20,609526848,0,272709696
P004,2022,4,30,693835008,0,291065248
P004,2022,5,10,532504992,0,250991088
P004,2022,5,20,1336277248,0,588660480
P004,2022,5,30,463362208,0,210444992
P004,2022,6,10,478806048,0,209758592
P004,2022,6,20,136675008,0,62572880
P004,2022,6,30,916043264,0,408067936
P004,2022,7,10,977293888,0,414682560
P004,2022,7,20,404328608,0,158322080
P004,2022,7,30,527433792,0,210915952
P004,2022,8,10,975117440,0,375083552
P004,2022,8,20,776701440,0,265968064
P004,2022,8,30,434617984,0,125955672
P004,2022,9,10,297074208,0,79323576
P004,2022,9,20,853205248,0,223015856
P004,2022,9,30,706400960,0,188310384
P004,2022,10,10,315268992,0,90445424
P004,2022,10,20,605252672,0,175983040
P004,2022,10,30,584622400,0,146834624
P004,2022,11,10,956496256,0,243752592
P004,2022,11,20,309952480,0,84382536
P004,2022,11,30,824576896,0,232437088
P004,2022,12,10,625710848,0,176795872
P004,2022,12,20,412344256,0,101143936
P004,2022,12,30,898339264,0,234910272
P005,2017,1,10,109151,0,733964
P005,2017,1,20,100053,0,706101
P005,2017,1,30,50100,0,332867
P005,2017,2,10,81005,0,567233
P005,2017,2,20,79005,0,529996
P005,2017,2,30,51528,0,376830
P005,2017,3,10,126204,0,904883
P005,2017,3,20,114002,0,808181
P005,2017,3,30,153050,0,1112688
P005,2017,4,10,106136,0,812111
P005,2017,4,20,60204,0,546057
P005,2017,4,30,149600,0,1202674
P005,2017,5,10,75062,0,589875
P005,2017,5,20,74339,0,639774
P005,2017,5,30,119003,0,1078575
P005,2017,6,10,76000,0,634193
P005,2017,6,20,109523,0,940009
P005,2017,6,30,138052,0,1122085
P005,2017,7,10,33250,0,295265
P005,2017,7,20,61150,0,554093
P005,2017,7,30,41101,0,349921
P005,2017,8,10,48004,0,523158
P005,2017,8,20,133161,0,1095248
P005,2017,8,30,91010,0,754000
P005,2017,9,10,96200,0,706432
P005,2017,9,20,101354,0,859887
P005,2017,9,30,58057,0,495107
P005,2017,10,10,2001,0,21541
P005,2017,10,20,136412,0,1139121
P005,2017,10,30,146106,0,1181013
P005,2017,11,10,102501,0,872371
P005,2017,11,20,46005,0,354526
P005,2017,11,30,95000,0,799062
P005,2017,12,10,46020,0,386311
P005,2017,12,20,109209,0,838593
P005,2017,12,30,95005,0,757956
P005,2018,1,10,133240,0,1036487
P005,2018,1,20,61608,0,476820
P005,2018,1,30,96282,0,812208
P005,2018,2,10,134400,0,1020535
P005,2018,2,20,137208,0,1061836
P005,2018,2,30,50200,0,403256
P005,2018,3,10,30175,0,271862
P005,2018,3,20,157496,0,1337835
P005,2018,3,30,80002,0,613760
P005,2018,4,10,60050,0,531262
P005,2018,4,20,112581,0,960048
P005,2018,4,30,100600,0,819689
P005,2018,5,10,76050,0,602583
P005,2018,5,20,65600,0,540021
P005,2018,5,30,150022,0,1262744
P005,2018,6,10,95600,0,725189
P005,2018,6,20,145395,0,1138398
P005,2018,6,30,90000,0,745853
P005,2018,7,10,95002,0,750252
P005,2018,7,20,33601,0,279128
P005,2018,7,30,135602,0,1074084
P005,2018,8,10,88101,0,688062
P005,2018,8,20,92401,0,697415
P005,2018,8,30,60052,0,508374
P005,2018,9,10,101000,0,713508
P005,2018,9,20,128325,0,948460
P005,2018,9,30,35274,0,303182
P005,2018,10,10,129006,0,1007410
P005,2018,10,20,122000,0,899816
P005,2018,10,30,80052,0,583133
P005,2018,11,10,154602,0,1166942
P005,2018,11,20,50101,0,394195
P005,2018,11,30,43027,0,376662
P005,2018,12,10,100096,0,758132
P005,2018,12,20,76001,0,567835
P005,2018,12,30,100007,0,714774
P005,2019,1,10,144026,0,987163
P005,2019,1,20,90880,0,662334
P005,2019,1,30,151414,0,1121499
P005,2019,2,10,20002,0,135217
P005,2019,2,20,78001,0,518735
P005,2019,2,30,83000,0,610751
P005,2019,3,10,99003,0,766964
P005,2019,3,20,137075,0,919857
P005,2019,3,30,113667,0,900791
P005,2019,4,10,88440,0,666371
P005,2019,4,20,86000,0,612222
P005,2019,4,30,60318,0,407969
P005,2019,5,10,134002,0,968609
P005,2019,5,20,116551,0,743721
P005,2019,5,30,104005,0,710666
P005,2019,6,10,122000,0,750230
P005,2019,6,20,70401,0,496744
P005,2019,6,30,77604,0,504999
P005,2019,7,10,150175,0,855986
P005,2019,7,20,137501,0,874295
P005,2019,7,30,137203,0,917691
P005,2019,8,10,65636,0,361450
P005,2019,8,20,116063,0,688191
P005,2019,8,30,144230,0,820901
P005,2019,9,10,100000,0,529994
P005,2019,9,20,64078,0,323797
P005,2019,9,30,60002,0,377351
P005,2019,10,10,178965,0,975917
P005,2019,10,20,59005,0,319898
P005,2019,10,30,209172,0,1076274
P005,2019,11,10,146200,0,816071
P005,2019,11,20,87001,0,457699
P005,2019,11,30,100003,0,594667
P005,2019,12,10,163002,0,939982
P005,2019,12,20,125227,0,735901
P005,2019,12,30,138296,0,778280
P005,2020,1,10,154273,0,823756
P005,2020,1,20,74000,0,418008
P005,2020,1,30,147002,0,823539
P005,2020,2,10,76000,0,387504
P005,2020,2,20,109899,0,681168
P005,2020,2,30,63002,0,327170
P005,2020,3,10,96152,0,513788
P005,2020,3,20,156001,0,810069
P005,2020,3,30,109001,0,621219
P005,2020,4,10,116026,0,754294
P005,2020,4,20,150001,0,836868
P005,2020,4,30,85004,0,502849
P005,2020,5,10,104250,0,552682
P005,2020,5,20,66002,0,344217
P005,2020,5,30,134252,0,710409
P005,2020,6,10,95144,0,634958
P005,2020,6,20,118433,0,616246
P005,2020,6,30,112025,0,617700
P005,2020,7,10,74000,0,353941
P005,2020,7,20,86453,0,494050
P005,2020,7,30,145364,0,804867
P005,2020,8,10,80008,0,380308
P005,2020,8,20,110404,0,606806
P005,2020,8,30,116000,0,556537
P005,2020,9,10,78027,0,447434
P005,2020,9,20,17002,0,86970
P005,2020,9,30,101209,0,537593
P005,2020,10,10,120000,0,610807
P005,2020,10,20,148000,0,898027
P005,2020,10,30,103000,0,552519
P005,2020,11,10,161000,0,953338
P005,2020,11,20,41202,0,252559
P005,2020,11,30,148301,0,872591
P005,2020,12,10,138030,0,780261
P005,2020,12,20,124600,0,797222
P005,2020,12,30,147001,0,853861
P005,2021,1,10,186025,0,1082620
P005,2021,1,20,125820,0,839677
P005,2021,1,30,148483,0,1089210
P005,2021,2,10,171625,0,1046065
P005,2021,2,20,77001,0,464224
P005,2021,2,30,89000,0,613373
P005,2021,3,10,137200,0,919123
P005,2021,3,20,149201,0,1243206
P005,2021,3,30,111001,0,881094
P005,2021,4,10,154260,0,1405367
P005,2021,4,20,188000,0,1939738
P005,2021,4,30,58752,0,566862
P005,2021,5,10,126000,0,1285079
P005,2021,5,20,88021,0,875575
P005,2021,5,30,114100,0,1207941
P005,2021,6,10,74100,0,712512
P005,2021,6,20,110021,0,1087403
P005,2021,6,30,28012,0,324855
P005,2021,7,10,140053,0,1258801
P005,2021,7,20,83101,0,713288
P005,2021,7,30,111001,0,958089
P005,2021,8,10,68000,0,625802
P005,2021,8,20,77000,0,678295
P005,2021,8,30,207040,0,1736672
P005,2021,9,10,84000,0,775738
P005,2021,9,20,146904,0,1387058
P005,2021,9,30,133810,0,1281100
P005,2021,10,10,117001,0,1201220
P005,2021,10,20,176000,0,1652650
P005,2021,10,30,152000,0,1522183
P005,2021,11,10,68802,0,817642
P005,2021,11,20,181302,0,1991096
P005,2021,11,30,49000,0,525787
P005,2021,12,10,100101,0,1105513
P005,2021,12,20,108096,0,1213703
P005,2021,12,30,50000,0,545871
P005,2022,1,10,58000,0,626810
P005,2022,1,20,112151,0,1182443
P005,2022,1,30,50150,0,548039
P005,2022,2,10,120003,0,1286829
P005,2022,2,20,60010,0,636270
P005,2022,2,30,60001,0,714621
P005,2022,3,10,171025,0,1912203
P005,2022,3,20,56800,0,648467
P005,2022,3,30,73001,0,827401
P005,2022,4,10,119000,0,1355723
P005,2022,4,20,132001,0,1487001
P005,2022,4,30,217064,0,2796086
P005,2022,5,10,117003,0,1360700
P005,2022,5,20,59002,0,700431
P005,2022,5,30,163000,0,1895142
P005,2022,6,10,94000,0,1110419
P005,2022,6,20,128000,0,1438881
P005,2022,6,30,153003,0,1700873
P005,2022,7,10,78000,0,868677
P005,2022,7,20,45003,0,487174
P005,2022,7,30,134503,0,1627706
P005,2022,8,10,39050,0,569438
P005,2022,8,20,102030,0,1155543
P005,2022,8,30,3,0,1414
P005,2022,9,10,72000,0,809498
P005,2022,9,20,118001,0,1289664
P005,2022,9,30,55000,0,581271
P005,2022,10,10,60002,0,632290
P005,2022,10,20,70029,0,739330
P005,2022,10,30,217002,0,2365265
P005,2022,11,10,41501,0,540170
P005,2022,11,20,88009,0,908462
P005,2022,11,30,78000,0,786484
P005,2022,12,10,75001,0,703534
P005,2022,12,20,73001,0,708657
P005,2022,12,30,24041,0,283898
